,sse,osr2,accuracy,f1_score
Location,302.8598491,0.071530839,0.255135135,0.124692887
