,SSE,OSR2,Accuracy,F1 score
Location,302.859849122,0.0715308388,0.2551351351,0.124692887
