,sse,osr2,accuracy,f1_score
All variables,414,-0.2744704369,0.3805405405,0.3272247286
Sociodemographic,411.8,-0.2605535123,0.3037837838,0.139763278
Trip context,456.8,-0.3922462172,0.3210810811,0.199741827
Perception,361.4,-0.1101460019,0.3805405405,0.2608545435
Personal trip,516.2,-0.5821814315,0.2940540541,0.2407395473
Time context,455.8,-0.4077185262,0.2994594595,0.2283628078
