category,sse,osr2,accuracy,f1_score,n_layers
All variables,438.4,-0.348111673,0.349189189,0.28810847,1
Sociodemographic,455,-0.397867544,0.291891892,0.146989073,1
Trip context,465.4,-0.422482941,0.317837838,0.20072227,1
Perception,367.2,-0.128189456,0.391351351,0.284692229,2
Personal trip,504,-0.548673158,0.311351351,0.233070011,1
Time context,463.4,-0.428369018,0.301621622,0.228526832,1
