category,sse,osr2,accuracy,f1_score,n_layers
All variables,418,-0.285869726,0.35027027,0.273814417,1
Sociodemographic,326,0.00135674,0.301621622,0.092594373,2
Trip context,428,-0.316459626,0.321081081,0.186017351,1
Perception,325.2,0.005477297,0.387027027,0.20679864,2
Personal trip,435.8,-0.342205266,0.330810811,0.210930125,2
Time context,448.4,-0.378087234,0.309189189,0.201470411,2
