category,sse,osr2,accuracy,f1_score,n_layers
All variables,275.2703142,0.154564301,0.241081081,0.14599119,2
Sociodemographic,328.3261888,-0.004828346,0.301621622,0.092594373,2
Trip context,312.237768576,0.0435573368,0.2659459459,0.0952778985,2
Perception,274.8425391,0.157816119,0.277837838,0.136269121,1
Personal trip,313.217045707,0.0407016744,0.2551351351,0.1141224978,2
Time context,317.0417461,0.028373223,0.276756757,0.120497755,2
