Choosing by osr2,SSE,OSR2,Accuracy,F1 score,Nlayers
All variables,275.270314221,0.1545643007,0.2410810811,0.1459911895,2
Sociodemographic,328.326188802,-0.0048283463,0.3016216216,0.0925943726,2
Trip context,313.720576259,0.0393442308,0.227027027,0.0955415745,2
Perception,274.842539063,0.1578161191,0.2778378378,0.1362691208,1
Personal trip,316.271119213,0.0316160188,0.2345945946,0.110719366,2
Time context,317.04174605,0.0283732226,0.2767567568,0.1204977549,2
